{
  "feature_names": [
    "income",
    "employment_length",
    "credit_score",
    "debt_to_income",
    "loan_amount",
    "age",
    "loan_purpose=car",
    "loan_purpose=debt_consolidation",
    "loan_purpose=home_improvement",
    "loan_purpose=other",
    "loan_purpose=small_business"
  ],
  "metrics": {
    "auc": 0.7486,
    "report": {
      "0": {
        "precision": 0.6712328767123288,
        "recall": 0.17861482381530985,
        "f1-score": 0.2821497120921305,
        "support": 823.0
      },
      "1": {
        "precision": 0.8212113197566782,
        "recall": 0.9773371104815864,
        "f1-score": 0.8924978442081057,
        "support": 3177.0
      },
      "accuracy": 0.813,
      "macro avg": {
        "precision": 0.7462220982345035,
        "recall": 0.5779759671484481,
        "f1-score": 0.5873237781501182,
        "support": 4000.0
      },
      "weighted avg": {
        "precision": 0.7903532551003032,
        "recall": 0.813,
        "f1-score": 0.7669187160252439,
        "support": 4000.0
      }
    }
  },
  "fairness": {
    "male": {
      "tpr": 0.971,
      "fpr": 0.831,
      "approval_rate": 0.943
    },
    "female": {
      "tpr": 0.985,
      "fpr": 0.811,
      "approval_rate": 0.948
    }
  },
  "generated_samples": 20000,
  "note": "Synthetic dataset for demo purposes only."
}